sp;type;y'(seq.);y(ind.);indTot;t (days);radioT(m);angT(rad);tr;tr_se;act;act_se;s(km/day);s_se(km/day);r(m);r_se(m);ang(rad);ang_se(rad);d(ind/km2);d_se(ind/km2);effort;distr
capcap;clust3x1_1;290;293;317;3279;17.8625226;0.39269925;0.089356511;0.012262219;0.396181808;0.058605415;9.32496382;0.942705142;5.553505499;0.4518491;0.785398499;0.000794872;1.946141337;0.353998266;0.98;not patched
capcap;clust3x1_2;299;303;327;3411;22.10756341;0.39269925;0.088830255;0.015420293;0.497120285;0.072251334;10.92405869;1.779907482;6.12389889;0.40094696;0.785398272;0.045502542;1.497653838;0.332308117;0.98;not patched
capcap;clust3x1_3;250;253;273;3322;18.67490547;0.39269925;0.07615894;0.01016363;0.456173158;0.069099492;13.08556197;1.647684464;5.135361171;0.47686228;0.785398272;0.029814;1.278262629;0.25994921;0.98;not patched
capcap;clust4;484;490;532;5983;19.1584784;0.39269925;0.081898713;0.009649952;0.513717554;0.059402462;10.19604;2.063881523;6.232989227;0.36899966;0.785398272;0.032774193;1.453488973;0.338256614;1.75;not patched
capcap;clust5;736;744;808;9032;18.01418032;0.39269925;0.082373782;0.007665922;0.443527542;0.047473604;8.660302032;1.1303292;5.166762493;0.297404234;0.785398499;0.00060953;2.076347338;0.335423834;2.53;not patched
capcap;clustrand3;305;309;335;3327;18.30840524;0.39269925;0.092876465;0.015591962;0.589574119;0.072747562;9.114255228;1.147132744;5.213795684;0.496664401;0.785398499;0.001487198;2.204413285;0.46262846;0.98;not patched
capcap;clustrand4;497;503;547;5968;17.74412247;0.39269925;0.084282842;0.009626673;0.453976029;0.056791094;7.942026274;0.793207423;5.115408654;0.336027133;0.785398272;0.028617795;2.339861158;0.358332074;1.75;not patched
capcap;lax;750;765;887;7655;19.84863334;0.39269925;0.099934683;0.009122424;0.512901298;0.038809507;13.22795684;1.379145248;5.923767313;0.213861828;0.785398272;0.023097099;1.438427743;0.202212061;2.53;not patched
capcap;laxrand3;321;330;386;3192;21.82375102;0.39269925;0.103383459;0.016765119;0.469864636;0.050058702;10.93419374;1.134860771;6.082350268;0.362036587;0.785398499;0.001426576;1.753296644;0.340441917;0.98;not patched
capcap;laxrand4;563;574;668;5822;18.99825082;0.39269925;0.098591549;0.011127653;0.513172785;0.040534023;12.14919196;1.870184807;5.911585559;0.233684386;0.785398272;0.025017291;1.548284937;0.293914127;1.75;not patched
capcap;laxsist3;292;295;346;3209;19.88455266;0.39269925;0.09192895;0.012092941;0.560877412;0.06012581;11.51758637;1.351231072;6.019728398;0.382424061;0.785398272;0.044049833;1.495465832;0.296997618;0.98;not patched
capcap;laxsist4;521;528;618;5738;21.24197107;0.39269925;0.092018125;0.010224544;0.536354464;0.047830709;13.43625792;1.843421484;5.360264828;0.262895114;0.785398272;0.026112651;1.44102452;0.255695201;1.75;not patched
cappyr;clust3x1_1;63;68;76;3279;23.4544111;0.39269925;0.02073803;0.00627081;0.423091081;0.091618016;12.0531044;2.700521309;8.396884849;0.624417616;0.785398272;0.045502494;0.224309658;0.086412141;0.98;patched
cappyr;clust3x1_2;52;55;58;3411;24.12150593;0.39269925;0.016124304;0.005913461;0.441818242;0.088700791;14.55557948;2.487833849;9.547625016;0.923672896;0.785398499;0.000936928;0.126104862;0.056505951;0.98;patched
cappyr;clust3x1_3;95;110;136;3322;15;0.39269925;0.033112583;0.009958464;0.462731373;0.086348317;11.97722382;1.773388854;6.175530097;0.449103683;0.785398272;0.045641706;0.504923077;0.208095272;0.98;patched
cappyr;clust4;158;177;203;5983;23.72713372;0.39269925;0.029583821;0.007370595;0.471907463;0.073090377;13.94367468;1.837024307;7.775907632;0.537958449;0.785398499;0.000510198;0.304265875;0.099795223;1.75;patched
cappyr;clust5;227;252;284;9032;20.21901451;0.39269925;0.027900797;0.005928575;0.478057717;0.060312265;11.74143134;2.609722331;6.696184034;0.40277137;0.785398499;0.000359765;0.397072848;0.129251401;2.53;patched
cappyr;clustrand3;95;101;113;3327;17.58910998;0.39269925;0.03035768;0.010969828;0.411222414;0.073415943;8.583645739;1.779546897;5.414693266;0.369966278;0.785398272;0.045651105;0.736691228;0.274620158;0.98;patched
cappyr;clustrand4;152;162;175;5968;16.37654658;0.39269925;0.027144772;0.006980336;0.364725175;0.065120624;9.423381335;1.75440051;6.966710802;0.613064735;0.785398272;0.045375169;0.466352407;0.144767663;1.75;patched
cappyr;lax;227;274;334;7655;20.42962358;0.39269925;0.035793599;0.008204226;0.548051297;0.048657889;11.48593801;0.962043138;6.366150485;0.25959939;0.785398272;0.045502632;0.552108674;0.1445601;2.53;patched
cappyr;laxrand3;113;139;173;3192;22.7283529;0.39269925;0.043546366;0.013489027;0.541043325;0.07226882;9.203065362;1.200708119;7.193517711;0.710498748;0.785398272;0.045598923;0.74189196;0.249026834;0.98;patched
cappyr;laxrand4;214;260;320;5822;20.50264515;0.39269925;0.044658193;0.010625763;0.541109045;0.049468156;11.05195375;0.95433198;6.315206319;0.25927973;0.785398272;0.045502585;0.721667447;0.192409132;1.75;patched
cappyr;laxsist3;94;106;131;3209;22.5081743;0.39269925;0.033032097;0.012567292;0.469303048;0.069060555;7.753820394;1.252335504;6.500892893;0.634018478;0.785398272;0.045502624;0.73911152;0.308336579;0.98;patched
cappyr;laxsist4;165;189;239;5738;19.77444902;0.39269925;0.032938306;0.009047615;0.462689161;0.06665998;9.470685619;1.107641687;6.029833232;0.277227781;0.785398272;0.045502643;0.65054465;0.206619107;1.75;patched
cerela;clust3x1_1;1484;1703;1843;3279;30.46481171;0.39269925;0.51936566;0.063783673;0.552422;0.035933381;11.95718993;0.86943372;8.312685887;0.273734802;0.785398499;0.000659866;5.834561088;0.885169373;0.98;not patched
cerela;clust3x1_2;1682;1918;2098;3411;27.3673383;0.39269925;0.562298446;0.078279397;0.585926406;0.034795562;9.192582913;0.6719114;9.414057065;0.26578914;0.785398499;0.000314153;7.263543649;1.16419722;0.98;not patched
cerela;clust3x1_3;1471;1709;1930;3322;22.83553754;0.39269925;0.514449127;0.065345939;0.550224142;0.039847632;10.90296385;1.152616706;7.952811613;0.193672876;0.785398499;0.000269498;6.691749926;1.013470072;0.98;not patched
cerela;clust4;2696;3118;3517;5983;21.45040156;0.39269925;0.521143239;0.053045326;0.594571863;0.032046646;10.63525192;0.616890125;9.510679347;0.187223377;0.785398499;0.000243249;5.779442902;0.69025365;1.75;not patched
cerela;clust5;3877;4473;5020;9032;20.53249691;0.39269925;0.49523915;0.044084275;0.537046446;0.026808635;10.22940054;0.527549455;8.785021447;0.172295799;0.785398499;0.000360601;6.191997585;0.625963832;2.53;not patched
cerela;clustrand3;1409;1622;1813;3327;20.57036728;0.39269925;0.4875263;0.060201882;0.484811548;0.038448677;10.92499427;0.82900716;8.481422817;0.342915176;0.785398499;0.000599819;5.934315777;0.836387963;0.98;not patched
cerela;clustrand4;2688;3129;3477;5968;20.47963138;0.39269925;0.524296247;0.056510783;0.551239093;0.030641002;11.24398572;0.678791713;8.758525568;0.265974162;0.785398499;0.001454492;6.004654125;0.728001155;1.75;not patched
cerela;lax;2804;3491;4083;7655;21.46884118;0.39269925;0.456041803;0.03963594;0.572388277;0.025657762;13.24451407;0.796407149;8.894048092;0.192238684;0.785398499;0.000887473;4.366482126;0.47786446;2.53;not patched
cerela;laxrand3;1174;1469;1749;3192;18.92090142;0.39269925;0.460213033;0.053285446;0.468078481;0.036747701;9.363684215;0.962291894;8.405345796;0.277240322;0.785398499;0.000461164;6.59506537;1.067885368;0.98;not patched
cerela;laxrand4;2115;2643;3098;5822;20.52308112;0.39269925;0.453967709;0.048295506;0.536123736;0.030615341;13.11662688;0.98951532;8.555950337;0.194264439;0.785398499;0.000522417;4.562439073;0.621050741;1.75;not patched
cerela;laxsist3;1157;1496;1743;3209;20.94499104;0.39269925;0.466188844;0.071710009;0.521121007;0.041291964;12.48762983;0.920958244;8.870887557;0.266483496;0.785398499;0.000868003;4.746541922;0.860922009;0.98;not patched
cerela;laxsist4;2072;2594;3055;5738;21.42004039;0.39269925;0.452073893;0.047004794;0.560951566;0.036368958;13.0202678;0.678137973;8.253269039;0.176785832;0.785398499;0.000508031;4.744888857;0.580252513;1.75;not patched
damdam;clust3x1_1;2184;3288;3485;3279;20.00912525;0.39269925;1.002744739;0.432835596;0.531978803;0.030078335;7.173145706;0.317833601;8.519305149;0.211202848;0.785398499;0.001568082;18.46773024;5.608578991;0.98;not patched
damdam;clust3x1_2;1795;2418;2585;3411;19.97756191;0.39269925;0.708883026;0.098313838;0.598728313;0.035806364;8.661648139;0.575054842;8.208983961;0.235799193;0.785398499;0.000326584;11.2121289;1.788835183;0.98;not patched
damdam;clust3x1_3;2003;3218;3502;3322;19.32150718;0.39269925;0.968693558;0.467319719;0.581303964;0.032608559;7.443505422;0.323557214;8.942404322;0.268862225;0.785398499;0.000252378;16.4141023;5.467031215;0.98;not patched
damdam;clust4;3032;3967;4328;5983;20.09010272;0.39269925;0.663045295;0.065135718;0.601533851;0.032933878;10.54701076;0.637891468;8.741092145;0.208951206;0.785398499;0.00076517;8.097363409;0.991205863;1.75;not patched
damdam;clust5;4890;6975;7593;9032;18.43126528;0.39269925;0.772254207;0.164335997;0.588384459;0.024662977;8.470454511;0.504833246;8.549773128;0.148791492;0.785398499;0.000852208;12.01504615;1.925301065;2.53;not patched
damdam;clustrand3;1885;3051;3305;3327;18.66284818;0.39269925;0.917042381;0.406385954;0.521327662;0.030262791;7.758424979;0.762275351;8.678454255;0.321721294;0.785398499;0.000427739;15.36158395;5.296168474;0.98;not patched
damdam;clustrand4;3249;4812;5200;5968;18.18206491;0.39269925;0.806300268;0.240743773;0.552230847;0.028942109;7.260825366;0.549941042;8.802913528;0.16816615;0.785398499;7.09E-05;14.22810012;3.266905729;1.75;not patched
damdam;lax;3145;4923;5692;7655;21.16987275;0.39269925;0.643109079;0.086006212;0.630094905;0.024504632;9.6430733;0.428474354;8.74249884;0.165682253;0.785398499;0.000979629;8.60391527;1.152501863;2.53;not patched
damdam;laxrand3;1493;2241;2504;3192;20.25663048;0.39269925;0.702067669;0.110367989;0.545759659;0.032374593;8.007490664;0.567286607;8.683485431;0.220743552;0.785398499;0.000491512;11.38809256;2.064836162;0.98;not patched
damdam;laxrand4;2274;3465;3970;5822;20.07119486;0.39269925;0.595156304;0.072150935;0.611967006;0.02771819;9.985017685;0.539882429;8.439033391;0.187954418;0.785398499;0.000682971;7.966215114;1.103980983;1.75;not patched
damdam;laxsist3;1574;2635;3095;3209;20.41864819;0.39269925;0.821128077;0.164875527;0.597560324;0.037583745;7.765778031;0.511146584;9.192613494;0.220791115;0.785398499;0.000102145;12.97327023;2.746372529;0.98;not patched
damdam;laxsist4;2317;3717;4376;5738;21.39741218;0.39269925;0.647786685;0.096327151;0.643915811;0.030890757;8.753310632;0.462928454;8.763927013;0.19956352;0.785398499;0.001321801;9.524089323;1.630438676;1.75;not patched
lepgra;clust3x1_1;299;304;315;3279;23.47938912;0.39269925;0.092711192;0.022098639;0.313782217;0.037263767;22.82231593;3.105847117;9.805926677;0.354354094;0.500842189;0.034622676;0.491310121;0.138926968;0.98;not patched
lepgra;clust3x1_2;359;368;382;3411;16.91430496;0.39269925;0.10788625;0.019429336;0.313889554;0.037669841;15.3244697;2.2825722;8.944904265;0.384657941;0.572969222;0.065877114;0.916599312;0.218207118;0.98;not patched
lepgra;clust3x1_3;484;496;547;3322;20.84977384;0.39269925;0.149307646;0.033086052;0.323425791;0.036791575;6.393404116;0.969125333;10.22143538;0.411562762;0.457039824;0.022180155;2.921296793;0.802252809;0.98;not patched
lepgra;clust4;1001;1024;1104;5983;17.55719623;0.39269925;0.171151596;0.023370545;0.31747645;0.024732882;7.39203477;0.71868703;9.70270736;0.254137177;0.488078932;0.015920891;2.96305186;0.539478008;1.75;not patched
lepgra;clust5;1267;1294;1388;9032;16.60312152;0.39269925;0.143268379;0.017911874;0.309035836;0.021608309;7.566801192;0.683412141;9.570114351;0.185408168;0.502383411;0.015424181;2.451170595;0.400732209;2.53;not patched
lepgra;clustrand3;404;410;428;3327;14.86330132;0.39269925;0.123234145;0.028829666;0.310619249;0.035222621;11.58356993;1.791901987;9.834929883;0.362876702;0.520129535;0.031471357;1.348479571;0.398112644;0.98;not patched
lepgra;clustrand4;888;913;978;5968;16.39713402;0.39269925;0.152982574;0.02247563;0.341155928;0.02492282;10.71634543;1.105292623;9.973392395;0.223855293;0.496013052;0.017456017;1.801587555;0.350078981;1.75;not patched
lepgra;lax;781;805;862;7655;15.53114911;0.39269925;0.105160026;0.015951194;0.372603393;0.025743797;7.503901165;0.818248312;8.924138961;0.199296306;0.548970233;0.021776129;1.935451821;0.348720278;2.53;not patched
lepgra;laxrand3;294;305;330;3192;12.57780755;0.39269925;0.095551378;0.02079819;0.431081048;0.028614987;9.254976743;1.182435337;8.353982699;0.339047811;0.566420964;0.035824388;1.512829665;0.412931668;0.98;not patched
lepgra;laxrand4;622;642;688;5822;14.92590433;0.39269925;0.110271384;0.017406967;0.392577374;0.027284942;6.925614997;0.742936875;8.638690971;0.23116136;0.546797945;0.02399582;2.273588822;0.450439214;1.75;not patched
lepgra;laxsist3;293;301;318;3209;14.89837087;0.39269925;0.093798691;0.02140535;0.355061232;0.036534513;6.430541152;1.389158285;8.394968674;1.020665743;0.533830857;0.035242505;2.154281385;0.745722672;0.98;not patched
lepgra;laxsist4;625;643;687;5738;16.46217495;0.39269925;0.112059951;0.018923955;0.402617395;0.028926464;8.284556709;0.99533072;8.7385877;0.221075666;0.546007929;0.024751861;1.909985304;0.380636401;1.75;not patched
marfoi;clust3x1_1;43;43;45;3279;22.60239595;0.39269925;0.013113754;0.003493899;0.367599748;0.058526324;24.23542204;4.484694474;7.287357364;1.532558829;0.408592965;0.061337271;0.094596197;0.036387213;0.98;patched
marfoi;clust3x1_2;36;36;38;3411;23.93136792;0.39269925;0.01055409;0.002929245;0.29601953;0.062483834;24.69526539;6.772829348;8.722449843;1.657471861;0.474536166;0.080665102;0.060476996;0.026195766;0.98;patched
marfoi;clust3x1_3;37;37;39;3322;13.585343;0.39269925;0.011137869;0.002567969;0.365414552;0.056872176;27.4897165;4.347967801;7.698490072;1.008805683;0.38902458;0.058283823;0.069207878;0.021941166;0.98;patched
marfoi;clust5;106;106;111;9032;16.64853009;0.39269925;0.01173605;0.001865904;0.322300977;0.038226797;27.29839852;3.478243083;8.078881622;0.499059291;0.480055068;0.05208746;0.06677371;0.01401886;2.53;patched
marfoi;clustrand3;43;43;46;3327;18.49914004;0.39269925;0.012924557;0.00358084;0.341248954;0.061097514;24.29994434;4.456807875;9.435459108;1.293394718;0.477378324;0.079215242;0.071483347;0.027332116;0.98;patched
marfoi;clustrand4;65;65;69;5968;16.68622276;0.39269925;0.010891421;0.002287148;0.366416375;0.046568911;29.00084412;4.276663253;9.092388912;0.964992945;0.535156152;0.079904587;0.051184806;0.014200776;1.75;patched
marfoi;lax;193;193;203;7655;12.0149854;0.39269925;0.02521228;0.006068485;0.35964383;0.031762672;19.2510792;2.531484881;7.814495889;0.285458259;0.592394914;0.048223408;0.203097594;0.05394175;2.53;patched
marfoi;laxrand3;97;97;102;3192;9.788759879;0.39269925;0.030388471;0.012224369;0.324290135;0.032965818;16.62942624;2.194964137;7.245118355;0.351578413;0.694556006;0.090934429;0.294068672;0.118180445;0.98;patched
marfoi;laxrand4;147;147;155;5822;12.10957051;0.39269925;0.025249055;0.00707699;0.337279332;0.030356511;15.62061109;2.249531936;7.488263321;0.307342493;0.679530306;0.070745521;0.253079638;0.076503542;1.75;patched
marfoi;laxsist3;56;56;60;3209;16.41485873;0.39269925;0.017450919;0.003081385;0.306570932;0.052507916;10.44810915;3.173026557;7.81127095;0.618966392;0.602433211;0.105227372;0.258124475;0.094313447;0.98;patched
marfoi;laxsist4;176;176;185;5738;13.67456066;0.39269925;0.030672708;0.00770908;0.348374525;0.032036797;17.27291477;2.39346287;7.667242144;0.257448168;0.60619677;0.051464863;0.279183653;0.076169503;1.75;patched
melmel;clust3x1_1;31;31;34;3279;33.05577498;0.39269925;0.009454102;0.003024076;0.187107356;0.064986513;6.900194872;2.37910515;9.517940155;1.425419683;0.728872921;0.210135702;0.165722895;0.083617658;0.98;patched
melmel;clust3x1_3;37;37;40;3322;18.28902139;0.39269925;0.011137869;0.002467125;0.264156316;0.072998947;7.385780781;1.989856068;9.51899835;1.079166991;0.613784806;0.148249004;0.19041207;0.071480466;0.98;patched
melmel;clust4;56;56;60;5983;17.82769001;0.39269925;0.009359853;0.001939629;0.281065772;0.059409217;11.19826238;3.11940055;8.58108028;0.824913941;0.689789239;0.146269642;0.113764835;0.042792025;1.75;patched
melmel;clust5;80;80;88;9032;17.82769001;0.39269925;0.008857396;0.001506602;0.22611689;0.047944465;8.399946394;1.872065149;7.897779846;0.586434385;0.681089558;0.119224745;0.156445499;0.046967274;2.53;patched
melmel;clustrand3;31;31;32;3327;14.73317462;0.39269925;0.009317704;0.002288042;0.270479701;0.070423092;7.960739628;2.114232405;7.927385288;1.104688905;0.616816307;0.186650538;0.177256489;0.071736756;0.98;patched
melmel;clustrand4;56;56;60;5968;14.26798466;0.39269925;0.009383378;0.001766039;0.25688666;0.058575752;8.459007592;2.07444;7.728898668;0.743291511;0.714539431;0.14949024;0.166102398;0.056078467;1.75;patched
melmel;lax;94;95;103;7655;15.17584742;0.39269925;0.012410189;0.002703107;0.263771173;0.045865166;10.10302175;1.83108986;8.180412328;1.823444776;0.720986644;0.094351094;0.173370575;0.061744746;2.53;patched
melmel;laxrand3;39;39;41;3192;15.32012895;0.39269925;0.012218045;0.005135994;0.380910391;0.058657169;13.72637045;3.428297049;7.117225946;0.515739646;0.785398272;0.045604502;0.141058034;0.062586028;0.98;patched
melmel;laxrand4;76;77;82;5822;16.36637788;0.39269925;0.013225696;0.003346818;0.264291875;0.051587355;10.89071469;2.34228383;7.829928122;0.474771079;0.763136754;0.114570933;0.176340416;0.060100107;1.75;patched
melmel;laxsist3;45;46;49;3209;11.30032694;0.39269925;0.014334684;0.003479179;0.23341226;0.054459759;7.725619003;1.467919611;7.561476095;0.930142975;0.619888806;0.114242089;0.294249178;0.100039666;0.98;patched
melmel;laxsist4;75;76;82;5738;15.39361664;0.39269925;0.013245033;0.003304702;0.291054445;0.05256061;10.41588215;1.936710143;8.084696825;0.44152748;0.750732207;0.110788549;0.179636594;0.054896396;1.75;patched
ovigme;clust3x1_1;51;108;114;3279;20;0.39269925;0.032936871;0.013388158;0.301318525;0.09244775;7.003241918;1.625199626;7.674391752;0.736399488;0.785398272;0.045644888;0.691196955;0.354800237;0.98;patched
ovigme;clust3x1_2;101;189;195;3411;21.5661157;0.39269925;0.055408971;0.019288982;0.258261954;0.063412955;11.17264832;2.665421708;10.58528139;1.064705688;0.785398272;0.045502585;0.528425929;0.226224598;0.98;patched
ovigme;clust3x1_3;49;82;84;3322;18.43506863;0.39269925;0.024683925;0.015591112;0.210436924;0.085779658;3.416757207;1.142362513;6.739008117;1.088870795;0.670209672;0.137842701;1.261271649;0.921068705;0.98;patched
ovigme;clust4;119;192;196;5983;18.83572413;0.39269925;0.032090924;0.012347022;0.264963588;0.067204724;8.512865636;1.997669044;10.23894955;0.787091442;0.785398272;0.045502613;0.4152538;0.18850639;1.75;patched
ovigme;clust5;176;321;333;9032;18.87509291;0.39269925;0.035540301;0.009905886;0.496529235;0.060831276;14.66957246;2.690440163;9.737717714;0.742129309;0.785398272;0.045502567;0.280613808;0.097073805;2.53;patched
ovigme;clustrand3;67;116;133;3327;15.66051121;0.39269925;0.034866246;0.015357001;0.296987317;0.072319058;8.703513737;2.311724769;8.300057103;0.696574065;0.785398272;0.045678437;0.544367338;0.292825145;0.98;patched
ovigme;clustrand4;136;240;259;5968;16.54609798;0.39269925;0.040214477;0.012368775;0.37607336;0.078829518;9.194340296;2.184368324;9.457508683;0.682285875;0.785398272;0.045502522;0.521612122;0.221765983;1.75;patched
ovigme;lax;509;849;939;7655;18.61845657;0.39269925;0.110907903;0.034272797;0.604411427;0.042449546;10.84334813;1.008670193;8.656166098;0.238269348;0.785398272;0.036653031;1.33271131;0.42750713;2.53;patched
ovigme;laxrand3;189;246;283;3192;20.91210881;0.39269925;0.077067669;0.027225702;0.398935793;0.057073736;15.03967007;2.420928004;7.85115477;0.523110861;0.785398273;0.045418146;0.736144289;0.300662523;0.98;patched
ovigme;laxrand4;344;492;571;5822;19.13308616;0.39269925;0.084507042;0.025458465;0.536796169;0.045723038;10.1978165;1.073620025;8.679584817;0.261701016;0.785398272;0.040986497;1.07683541;0.363082262;1.75;patched
ovigme;laxsist3;200;263;292;3209;19.6697134;0.39269925;0.081956996;0.033887829;0.373739197;0.048739099;5.644385779;0.795823471;9.331712415;0.371803622;0.785398273;0.045469223;1.754973516;0.86791839;0.98;patched
ovigme;laxsist4;324;468;542;5738;18.8387058;0.39269925;0.08156152;0.025608567;0.504519946;0.044897553;9.359693435;0.829993662;8.576080048;0.272681583;0.785398272;0.041909583;1.146033809;0.39255488;1.75;patched
susscr;clust3x1_1;380;493;518;3279;26.91858694;0.39269925;0.150350717;0.021260828;0.39685657;0.043650243;11.29160068;1.426954882;7.829097019;0.283105171;0.785398499;0.000464729;1.910448894;0.371229785;0.98;not patched
susscr;clust3x1_2;340;462;485;3411;21.74137825;0.39269925;0.135444151;0.01968334;0.551705737;0.058798446;22.99380355;2.59312777;6.768982769;0.29798846;0.785398499;0.000613948;0.977247173;0.183953431;0.98;not patched
susscr;clust3x1_3;344;453;490;3322;22.18129429;0.39269925;0.136363636;0.022058717;0.342996515;0.045348612;8.161591706;0.811440024;7.488006906;0.361990834;0.785398272;0.045507591;2.516633907;0.520894004;0.98;not patched
susscr;clust4;588;788;847;5983;20.16496133;0.39269925;0.131706502;0.015525036;0.514336708;0.051032726;17.52056579;1.957712011;7.482047594;0.447277046;0.785398272;0.032215816;1.130309873;0.199550279;1.75;not patched
susscr;clust5;894;1178;1263;9032;19.70179883;0.39269925;0.130425155;0.012031327;0.4676153;0.034606074;14.01877801;1.251355455;7.849997099;0.307915183;0.785398499;0.000985945;1.33446219;0.187042872;2.53;not patched
susscr;clustrand3;358;487;530;3327;20.71826689;0.39269925;0.146378118;0.022474655;0.511868314;0.053005058;11.22253757;1.515659366;8.002050312;0.493725432;0.785398272;0.045626049;1.838426984;0.410406323;0.98;not patched
susscr;clustrand4;629;815;874;5968;20.36340341;0.39269925;0.136561662;0.015694585;0.476714388;0.040643515;13.15666823;1.47029321;7.600260356;0.359873653;0.785398272;0.037820933;1.540341343;0.265368512;1.75;not patched
susscr;lax;771;1006;1130;7655;19.51644685;0.39269925;0.131417374;0.013990929;0.479187926;0.03776158;10.64106159;0.891084702;7.042784358;0.344610138;0.785398272;0.029147359;1.97781656;0.281127555;2.53;not patched
susscr;laxrand3;370;512;585;3192;20.81794639;0.39269925;0.160401003;0.025762827;0.440207362;0.055081834;10.55640972;1.029845119;7.421394628;0.311764499;0.785398272;0.040192506;2.309233693;0.465491595;0.98;not patched
susscr;laxrand4;651;852;959;5822;19.4722601;0.39269925;0.146341463;0.016015782;0.469876085;0.038940968;10.65235916;0.980895067;6.935083757;0.361559973;0.785398272;0.031403213;2.234253532;0.346860906;1.75;not patched
susscr;laxsist3;337;446;497;3209;17.90727615;0.39269925;0.138984107;0.019392255;0.522962149;0.052273235;9.287251386;1.219954746;7.334293727;0.413133509;0.785398272;0.042529895;2.301347559;0.476717603;0.98;not patched
susscr;laxsist4;611;809;909;5738;19.52228037;0.39269925;0.140989892;0.015527775;0.495737477;0.042858684;10.42297381;0.975377432;6.707630602;0.393691345;0.785398272;0.032863095;2.274520024;0.365919691;1.75;not patched
vulvul;clust3x1_1;150;150;158;3279;20.34525556;0.39269925;0.045745654;0.007341391;0.590068479;0.067718695;49.68367875;4.689401237;8.084665602;0.766777637;0.628311517;0.065546918;0.135220358;0.029608062;0.98;not patched
vulvul;clust3x1_2;189;189;206;3411;19.53768;0.39269925;0.05540897;0.01072865;0.3391186;0.0560596;22.6514;3.882181;9.098072;0.4786855;0.6583446;0.06583446;0.3160605;0.03160605;0.98;not patched
vulvul;clust3x1_3;206;206;226;3322;20.65791708;0.39269925;0.062010837;0.008921085;0.557318962;0.056462985;19.25367983;6.271938387;8.590342048;0.601148535;0.681108902;0.062734879;0.439317808;0.161849987;0.98;not patched
vulvul;clust4;358;358;389;5983;19.32748927;0.39269925;0.059836203;0.008148704;0.466580331;0.048530334;23.77675956;5.667287609;8.933441476;0.352198248;0.694132968;0.047515814;0.327573376;0.091198043;1.75;not patched
vulvul;clust5;503;503;546;9032;18.71943738;0.39269925;0.055690877;0.006377023;0.40960105;0.045744171;22.01397427;4.504729359;8.692632098;0.277257888;0.676353761;0.039853412;0.340938769;0.081342018;2.53;not patched
vulvul;clustrand3;199;199;219;3327;16.15853106;0.39269925;0.059813646;0.010278959;0.460752106;0.065537552;29.18181153;5.29746649;9.022155306;0.522371621;0.641991219;0.054346955;0.270144563;0.07048857;0.98;not patched
vulvul;clustrand4;357;357;391;5968;19.29131717;0.39269925;0.059819035;0.007801615;0.371594351;0.050103482;18.06711769;4.271306688;8.843992484;0.340247143;0.657844697;0.044550394;0.442509333;0.121725466;1.75;not patched
vulvul;lax;492;500;540;7655;19.10396635;0.39269925;0.065316786;0.007008689;0.429464159;0.040284234;19.50098278;2.855323455;8.888938602;0.250007864;0.728292387;0.037233139;0.433887727;0.083329314;2.53;not patched
vulvul;laxrand3;189;190;205;3192;17.76630552;0.39269925;0.05952381;0.010218651;0.514728074;0.062704323;15.93151494;3.78278327;8.740467088;0.396648143;0.742515506;0.069807926;0.489665811;0.156415545;0.98;not patched
vulvul;laxrand4;372;376;405;5822;16.0268037;0.39269925;0.064582618;0.007974573;0.431466099;0.047373732;17.08237528;2.810473167;8.372473482;0.87212731;0.744771548;0.043402536;0.516841376;0.123094943;1.75;not patched
vulvul;laxsist3;249;254;270;3209;16.01537474;0.39269925;0.079152384;0.012042286;0.42676943;0.049959911;19.86132602;1.717017744;9.028475328;0.316259409;0.699614844;0.046862418;0.513676158;0.105054815;0.98;not patched
vulvul;laxsist4;404;410;444;5738;19.58868378;0.39269925;0.071453468;0.008483458;0.416204286;0.043757548;17.0923442;3.25583653;8.703672941;0.257384818;0.746227366;0.04152935;0.549455471;0.129575168;1.75;not patched
